{
	"info": {
		"_postman_id": "d319f1b2-f36b-4c97-9359-f97b5cd4d0ec",
		"name": "Vermont",
		"schema": "https://schema.getpostman.com/json/collection/v2.1.0/collection.json"
	},
	"item": [
		{
			"name": "Estudante - Listar Todos",
			"request": {
				"method": "GET",
				"header": [
					{
						"key": "Accept",
						"type": "text",
						"value": "application/json"
					}
				],
				"url": {
					"raw": "localhost:8081/estudantes_rest/",
					"host": [
						"localhost"
					],
					"port": "8081",
					"path": [
						"estudantes_rest",
						""
					]
				}
			},
			"response": []
		},
		{
			"name": "Estudante - Lista Estudante",
			"request": {
				"method": "GET",
				"header": [
					{
						"key": "Accept",
						"type": "text",
						"value": "application/json"
					}
				],
				"url": {
					"raw": "localhost:8081/estudantes_rest/",
					"host": [
						"localhost"
					],
					"port": "8081",
					"path": [
						"estudantes_rest",
						""
					]
				}
			},
			"response": []
		},
		{
			"name": "Estudante - Cadstrat Estudante",
			"request": {
				"method": "POST",
				"header": [
					{
						"key": "Accept",
						"type": "text",
						"value": "application/json"
					}
				],
				"body": {
					"mode": "raw",
					"raw": "    {\r\n        \"nome\": \"Delega Bahia Santos\",\r\n        \"email\": \"delega.barbosa@tms.com.br\",\r\n        \"telefone\": \"7199871-7777\"\r\n    }",
					"options": {
						"raw": {
							"language": "json"
						}
					}
				},
				"url": {
					"raw": "localhost:8081/estudantes_rest/",
					"host": [
						"localhost"
					],
					"port": "8081",
					"path": [
						"estudantes_rest",
						""
					]
				}
			},
			"response": []
		},
		{
			"name": "Estudante - Editar Estudante",
			"request": {
				"method": "PUT",
				"header": [
					{
						"key": "Accept",
						"type": "text",
						"value": "application/json"
					}
				],
				"body": {
					"mode": "raw",
					"raw": "    {\r\n        \"nome\": \"Maria José santos\",\r\n        \"email\": \"xawoy@tms.com.br\",\r\n        \"telefone\": \"7199871-7777\"\r\n    }",
					"options": {
						"raw": {
							"language": "json"
						}
					}
				},
				"url": {
					"raw": "localhost:8081/estudantes_rest/1",
					"host": [
						"localhost"
					],
					"port": "8081",
					"path": [
						"estudantes_rest",
						"1"
					]
				}
			},
			"response": []
		},
		{
			"name": "Estudante - Excluir Estudante",
			"request": {
				"method": "POST",
				"header": [
					{
						"key": "Accept",
						"type": "text",
						"value": "application/json"
					}
				],
				"body": {
					"mode": "raw",
					"raw": "    {\r\n        \"nome\": \"Xawoy gggggggggggggggggggggggggggggggggggggggggggggggg rrrrrrrrrrrrrrrrrrrrrrrr yyyyyyyyyyyyyyyyyyyyyyyyyyyy uuuuuuuuuu\",\r\n        \"email\": \"xawoytms.com.br\",\r\n        \"telefone\": \"7199871-777799999999999999999999999999999999999999999\"\r\n    }",
					"options": {
						"raw": {
							"language": "json"
						}
					}
				},
				"url": {
					"raw": "localhost:8081/estudantes_rest/",
					"host": [
						"localhost"
					],
					"port": "8081",
					"path": [
						"estudantes_rest",
						""
					]
				}
			},
			"response": []
		}
	],
	"protocolProfileBehavior": {}
}